epoch,time,train/box_loss,train/cls_loss,train/dfl_loss,metrics/precision(B),metrics/recall(B),metrics/mAP50(B),metrics/mAP50-95(B),val/box_loss,val/cls_loss,val/dfl_loss,lr/pg0,lr/pg1,lr/pg2
1,2075.32,1.80069,2.13061,1.39509,0.54851,0.1773,0.15043,0.08359,1.64807,1.5817,1.33658,0.00333282,0.00333282,0.0700046
2,4197.65,1.66686,1.80257,1.31212,0.34539,0.22841,0.20139,0.11762,1.48804,1.3871,1.2364,0.00666543,0.00666543,0.0400039
3,6330.6,1.58417,1.63572,1.26705,0.34023,0.29457,0.25202,0.15286,1.41696,1.25109,1.19641,0.00999514,0.00999514,0.0100003
4,8444.11,1.52958,1.50741,1.23427,0.38533,0.31253,0.2726,0.16659,1.38159,1.20633,1.16608,0.00999023,0.00999023,0.00999023
5,10551.2,1.47836,1.39968,1.20354,0.40446,0.34332,0.29941,0.17981,1.37222,1.16356,1.16178,0.00998264,0.00998264,0.00998264
6,12624,1.45911,1.37209,1.19313,0.43172,0.33717,0.29686,0.17748,1.39738,1.20327,1.16551,0.00997288,0.00997288,0.00997288
7,14700.5,1.43166,1.30194,1.17757,0.43791,0.3708,0.34358,0.21258,1.3252,1.10124,1.13211,0.00996097,0.00996097,0.00996097
8,16787.9,1.41839,1.2767,1.1654,0.47701,0.39146,0.37006,0.22942,1.30395,1.0675,1.12315,0.0099469,0.0099469,0.0099469
9,18829.2,1.398,1.23319,1.1583,0.47527,0.37826,0.3628,0.22417,1.29038,1.06787,1.11296,0.00993068,0.00993068,0.00993068
10,20876.3,1.39761,1.20642,1.15452,0.45707,0.3998,0.36841,0.22945,1.28502,1.05037,1.10984,0.00991232,0.00991232,0.00991232
11,22920,1.37904,1.20691,1.15175,0.49047,0.40337,0.39328,0.24577,1.28222,1.05073,1.1111,0.00989183,0.00989183,0.00989183
12,24965,1.37306,1.18896,1.13894,0.50022,0.40613,0.39619,0.24817,1.27142,1.03839,1.10225,0.00986922,0.00986922,0.00986922
13,27015.3,1.36463,1.16351,1.1351,0.51463,0.41649,0.40633,0.25653,1.26305,1.00685,1.09689,0.00984449,0.00984449,0.00984449
14,29067.8,1.36675,1.17202,1.13763,0.49656,0.41089,0.39339,0.24837,1.26872,1.01894,1.0968,0.00981765,0.00981765,0.00981765
15,31118,1.35557,1.13895,1.13146,0.52293,0.42313,0.41577,0.26194,1.26322,0.99678,1.09211,0.00978873,0.00978873,0.00978873
16,33190.2,1.35062,1.13235,1.1277,0.53005,0.42446,0.42122,0.26557,1.2545,0.99446,1.08362,0.00975773,0.00975773,0.00975773
17,35333.8,1.33952,1.10855,1.11952,0.53886,0.44041,0.43272,0.27351,1.2419,0.97994,1.0805,0.00972466,0.00972466,0.00972466
18,37382.7,1.33532,1.10102,1.1188,0.53066,0.43678,0.42682,0.27187,1.2569,0.99092,1.08627,0.00968955,0.00968955,0.00968955
19,39443.4,1.32482,1.08169,1.11388,0.54839,0.44228,0.4393,0.27975,1.23994,0.96845,1.08003,0.00965239,0.00965239,0.00965239
20,41544,1.31782,1.07415,1.10548,0.5364,0.45147,0.44549,0.282,1.24158,0.96242,1.07725,0.00961322,0.00961322,0.00961322
21,43625.3,1.32157,1.06792,1.11019,0.55814,0.45888,0.46169,0.29291,1.23133,0.9404,1.07255,0.00957205,0.00957205,0.00957205
22,45606.9,1.31552,1.06882,1.10319,0.55263,0.45409,0.45436,0.28965,1.23208,0.95762,1.0763,0.00952889,0.00952889,0.00952889
23,47587.6,1.30754,1.05008,1.09448,0.56923,0.45428,0.46045,0.29359,1.21699,0.94191,1.06331,0.00948377,0.00948377,0.00948377
24,49569.1,1.30148,1.03721,1.09902,0.56355,0.47315,0.46777,0.2994,1.21928,0.93625,1.06223,0.00943671,0.00943671,0.00943671
25,51547.3,1.30691,1.037,1.09635,0.56372,0.46477,0.46847,0.29519,1.23367,0.94649,1.07273,0.00938772,0.00938772,0.00938772
26,53530.2,1.29982,1.03211,1.09476,0.56952,0.47807,0.47686,0.30711,1.20326,0.92151,1.05759,0.00933683,0.00933683,0.00933683
27,55512.9,1.29571,1.02179,1.09577,0.5702,0.4725,0.47714,0.30428,1.2147,0.92487,1.0588,0.00928405,0.00928405,0.00928405
28,57493.3,1.29351,1.01068,1.08941,0.57636,0.4803,0.48785,0.31178,1.21041,0.91651,1.05684,0.00922942,0.00922942,0.00922942
29,59473.4,1.29119,1.00542,1.08333,0.57837,0.48126,0.48643,0.31141,1.20903,0.91251,1.05587,0.00917296,0.00917296,0.00917296
30,61455.1,1.28361,0.99597,1.08469,0.57115,0.48393,0.48593,0.31075,1.20429,0.91075,1.0529,0.00911469,0.00911469,0.00911469
31,63435.8,1.2809,0.9947,1.08553,0.59044,0.47987,0.49058,0.31431,1.20581,0.903,1.05724,0.00905463,0.00905463,0.00905463
32,65417.7,1.28386,0.99009,1.08465,0.60187,0.48051,0.49956,0.32092,1.19328,0.88867,1.05066,0.00899282,0.00899282,0.00899282
33,67398.3,1.27312,0.98839,1.08215,0.58085,0.48226,0.48751,0.31423,1.2029,0.9078,1.05526,0.00892928,0.00892928,0.00892928
34,69350.7,nan,nan,nan,0.58572,0.46605,0.47602,0.3,nan,nan,nan,0.00886404,0.00886404,0.00886404
35,71300.6,nan,nan,nan,0.58619,0.46514,0.47576,0.30019,nan,nan,nan,0.00879713,0.00879713,0.00879713
36,73250.1,nan,nan,nan,0.58705,0.46425,0.47513,0.29959,nan,nan,nan,0.00872857,0.00872857,0.00872857
37,75200.3,nan,nan,nan,0.58109,0.46601,0.47469,0.29918,nan,nan,nan,0.00865839,0.00865839,0.00865839
38,77149.3,nan,nan,nan,0.58297,0.46605,0.47513,0.29946,nan,nan,nan,0.00858664,0.00858664,0.00858664
39,79099.7,nan,nan,nan,0.58403,0.46521,0.47619,0.30017,nan,nan,nan,0.00851333,0.00851333,0.00851333
40,81048.4,nan,nan,nan,0.5834,0.46593,0.47572,0.29968,nan,nan,nan,0.00843851,0.00843851,0.00843851
41,82996.3,nan,nan,nan,0.58584,0.46378,0.47519,0.29966,nan,nan,nan,0.0083622,0.0083622,0.0083622
42,86872.8,1.35457,1.16053,1.13644,0.45707,0.3998,0.36841,0.22945,1.28502,1.05037,1.10984,0.00828443,0.00828443,0.00828443
43,88855.1,1.37381,1.18413,1.1428,0.46781,0.41044,0.36482,0.22598,1.26853,1.02149,1.10344,0.00820525,0.00820525,0.00820525
44,90837,1.3583,1.14561,1.13408,0.50954,0.42523,0.41245,0.2616,1.25667,1.0218,1.09616,0.00812468,0.00812468,0.00812468
45,92820.4,1.34742,1.1381,1.12574,0.50721,0.41252,0.39837,0.24895,1.27007,1.02049,1.10149,0.00804277,0.00804277,0.00804277
46,94800.8,1.34588,1.11757,1.13085,0.51601,0.41279,0.40759,0.2595,1.25013,1.00152,1.08644,0.00795954,0.00795954,0.00795954
47,96777.9,1.33923,1.10633,1.1215,0.50873,0.43777,0.42169,0.26577,1.25091,0.98808,1.09021,0.00787503,0.00787503,0.00787503
48,98757.1,1.33453,1.10299,1.11921,0.53255,0.44316,0.4403,0.28033,1.23712,0.96464,1.07686,0.00778929,0.00778929,0.00778929
49,100739,1.3323,1.10191,1.12054,0.5405,0.44264,0.43932,0.28096,1.23624,0.96208,1.07801,0.00770234,0.00770234,0.00770234
50,102718,1.31816,1.06792,1.10322,0.55264,0.44834,0.44714,0.28526,1.23679,0.96669,1.07214,0.00761423,0.00761423,0.00761423
51,104698,1.31935,1.07471,1.10821,0.54608,0.44695,0.44335,0.28289,1.24351,0.96502,1.07796,0.007525,0.007525,0.007525
52,106681,1.31404,1.0618,1.10817,0.56462,0.45012,0.45713,0.29033,1.22699,0.94336,1.06946,0.00743468,0.00743468,0.00743468
53,108661,1.31037,1.05215,1.09925,0.57296,0.45271,0.46261,0.29501,1.22602,0.94548,1.06993,0.00734332,0.00734332,0.00734332
54,110642,1.30058,1.04171,1.09557,0.56129,0.46432,0.46574,0.29855,1.21731,0.94031,1.06397,0.00725094,0.00725094,0.00725094
55,112623,1.29779,1.02914,1.09674,0.56894,0.46369,0.47146,0.29963,1.21853,0.92504,1.06238,0.00715761,0.00715761,0.00715761
56,114601,1.29662,1.02215,1.09327,0.5686,0.46856,0.47412,0.30141,1.21263,0.92101,1.05684,0.00706335,0.00706335,0.00706335
57,116581,1.29729,1.02408,1.0933,0.58457,0.47111,0.48276,0.30915,1.20916,0.91837,1.05986,0.0069682,0.0069682,0.0069682
58,118562,1.28327,1.00016,1.08691,0.57747,0.47385,0.48563,0.31124,1.20279,0.91492,1.0556,0.00687222,0.00687222,0.00687222
59,120547,1.28823,1.00743,1.09029,0.57487,0.48403,0.48661,0.31352,1.20262,0.91027,1.05488,0.00677543,0.00677543,0.00677543
60,122529,1.27794,0.98794,1.08181,0.58654,0.47685,0.48697,0.31188,1.20561,0.90572,1.05957,0.00667789,0.00667789,0.00667789
61,124508,1.27025,0.97907,1.08097,0.58528,0.48115,0.48997,0.31447,1.19659,0.90136,1.05347,0.00657963,0.00657963,0.00657963
62,126494,1.26716,0.97886,1.08089,0.5871,0.48204,0.49351,0.31862,1.19361,0.90275,1.05069,0.00648071,0.00648071,0.00648071
63,128685,1.26516,0.97588,1.07104,0.59914,0.48926,0.49877,0.32026,1.19998,0.89379,1.05082,0.00638115,0.00638115,0.00638115
64,130849,1.26894,0.97284,1.07965,0.60217,0.49382,0.50313,0.32377,1.19696,0.88517,1.05313,0.00628101,0.00628101,0.00628101
65,133008,1.25391,0.95608,1.07398,0.60981,0.48635,0.50402,0.32507,1.18858,0.88298,1.04924,0.00618034,0.00618034,0.00618034
66,135058,1.26143,0.9551,1.06912,0.61928,0.49091,0.5093,0.32753,1.19014,0.88148,1.04815,0.00607916,0.00607916,0.00607916
67,137035,1.25869,0.94496,1.06965,0.60934,0.49165,0.50599,0.32427,1.19574,0.88733,1.04805,0.00597754,0.00597754,0.00597754
68,139010,1.24938,0.9405,1.06917,0.59642,0.50603,0.51062,0.32775,1.19192,0.87983,1.04852,0.00587551,0.00587551,0.00587551
69,140985,1.25107,0.93307,1.06325,0.59729,0.49871,0.51035,0.32877,1.18957,0.87471,1.04701,0.00577311,0.00577311,0.00577311
70,142962,1.24262,0.9326,1.06663,0.60854,0.50217,0.51592,0.33364,1.18349,0.86861,1.04465,0.0056704,0.0056704,0.0056704
71,144936,1.24163,0.923,1.06796,0.59812,0.51025,0.51406,0.3326,1.18102,0.87173,1.04194,0.00556742,0.00556742,0.00556742
72,146922,1.24071,0.91881,1.06079,0.58949,0.50905,0.51187,0.33015,1.18401,0.87092,1.04413,0.00546421,0.00546421,0.00546421
73,148897,1.23618,0.90927,1.0576,0.61526,0.50694,0.51804,0.33358,1.18314,0.85723,1.04292,0.00536081,0.00536081,0.00536081
74,150876,1.24082,0.9095,1.06324,0.62245,0.50369,0.51997,0.33636,1.17724,0.85711,1.04037,0.00525728,0.00525728,0.00525728
75,152853,1.23603,0.90894,1.06201,0.62495,0.50721,0.52196,0.33675,1.17467,0.85559,1.04078,0.00515366,0.00515366,0.00515366
76,154827,1.22949,0.89845,1.059,0.62301,0.50448,0.52262,0.33812,1.17565,0.84775,1.0413,0.00505,0.00505,0.00505
77,156802,1.22571,0.898,1.05696,0.63111,0.50552,0.52905,0.34189,1.16927,0.84483,1.03723,0.00494634,0.00494634,0.00494634
78,158777,1.22434,0.88439,1.05637,0.62494,0.50718,0.52541,0.33938,1.17358,0.84582,1.03704,0.00484272,0.00484272,0.00484272
79,160756,1.23012,0.89619,1.05738,0.62274,0.5094,0.52838,0.34069,1.16991,0.84412,1.03658,0.00473919,0.00473919,0.00473919
80,162731,1.21994,0.88386,1.04898,0.61684,0.51203,0.52967,0.34176,1.16878,0.84288,1.03616,0.00463579,0.00463579,0.00463579
81,164701,1.21697,0.87424,1.05057,0.61423,0.52502,0.53121,0.34057,1.17168,0.84903,1.03583,0.00453258,0.00453258,0.00453258
82,166674,1.20611,0.87153,1.04827,0.62399,0.52013,0.53282,0.34448,1.16683,0.84035,1.03496,0.0044296,0.0044296,0.0044296
83,168646,1.21184,0.87637,1.04904,0.61768,0.519,0.53376,0.34572,1.16721,0.83921,1.03509,0.00432689,0.00432689,0.00432689
84,170628,1.20701,0.86067,1.04674,0.61315,0.53139,0.53746,0.34715,1.16527,0.83548,1.03394,0.00422449,0.00422449,0.00422449
85,172594,nan,nan,nan,0.62615,0.5212,0.53703,0.34615,nan,nan,nan,0.00412246,0.00412246,0.00412246
86,174538,nan,nan,nan,0.6159,0.51256,0.52649,0.33692,nan,nan,nan,0.00402084,0.00402084,0.00402084
87,176481,nan,nan,nan,0.61894,0.51128,0.5261,0.33648,nan,nan,nan,0.00391966,0.00391966,0.00391966
88,180333,1.35699,1.15915,1.13718,0.45707,0.3998,0.36841,0.22945,1.28502,1.05037,1.10984,0.00381899,0.00381899,0.00381899
